time,acceleration
0.0,1.08464714504803
1.00083402835696,0.997830481766785
2.00166805671393,0.948943637535145
3.00250208507089,1.16055262133695
4.00333611342786,0.983187710833835
5.00417014178482,0.957725209247964
6.00500417014178,0.924283764039985
7.00583819849875,0.987845968389576
8.00667222685571,1.00590225859014
9.00750625521268,0.960850501637532
10.0083402835696,0.991075124285603
11.0091743119266,0.876764551489272
12.0100083402836,0.934259271392776
13.0108423686405,0.887071137573323
14.0116763969975,1.00352976722946
15.0125104253545,1.09084456631542
16.0133444537114,0.943162058858351
17.0141784820684,0.910617127224725
18.0150125104254,0.895097537950498
19.0158465387823,1.05494884858958
20.0166805671393,1.02359029886084
21.0175145954962,1.01412923589329
22.0183486238532,1.11236174580662
23.0191826522102,0.849418642685483
24.0200166805671,1.13637350614324
25.0208507089241,0.841400211105418
26.0216847372811,1.10353807236092
27.022518765638,1.02346205557425
28.023352793995,0.947136032097658
29.024186822352,1.06606458096733
30.0250208507089,1.08989181585992
31.0258548790659,0.975338515644237
32.0266889074229,1.08773245939501
33.0275229357798,1.1680580738868
34.0283569641368,1.10969154984373
35.0291909924937,1.13988054555194
36.0300250208507,0.912782429894308
37.0308590492077,0.887822393313759
38.0316930775646,0.819526349563392
39.0325271059216,1.09703625069199
40.0333611342786,0.920156423212583
41.0341951626355,0.911893987530685
42.0350291909925,0.882436160333171
43.0358632193495,0.977737443479475
44.0366972477064,0.948435395852581
45.0375312760634,1.02217639460035
46.0383653044204,0.894987454650113
47.0391993327773,0.969130048436731
48.0400333611343,1.0149642009903
49.0408673894912,1.1614599036694
50.0417014178482,1.12222033116189
51.0425354462052,0.9677133363176
52.0433694745621,1.15566298860123
53.0442035029191,1.09998330954502
54.0450375312761,0.916373038173767
55.045871559633,0.940767126500084
56.04670558799,0.972232289443663
57.047539616347,1.1430868537401
58.0483736447039,0.972949472482944
59.0492076730609,1.12882080799444
60.0500417014178,0.990128103421307
61.0508757297748,1.20758586546339
62.0517097581318,1.16374439967074
63.0525437864887,0.811006387480192
64.0533778148457,1.08757431057998
65.0542118432027,0.949364232503884
66.0550458715596,0.838174622136413
67.0558798999166,0.930716534413028
68.0567139282736,1.12080677281783
69.0575479566305,0.951919869746932
70.0583819849875,1.13440108515606
71.0592160133445,1.03129938109469
72.0600500417014,1.05535180087378
73.0608840700584,0.867444813737472
74.0617180984153,0.89916390673305
75.0625521267723,0.972644049508239
76.0633861551293,0.973793268339647
77.0642201834862,0.980311833453352
78.0650542118432,1.11138838860572
79.0658882402002,0.924482285162483
80.0667222685571,1.06423007288122
81.0675562969141,0.888920160927367
82.0683903252711,0.89031881691264
83.069224353628,1.02129725729586
84.070058381985,1.19455358100074
85.070892410342,1.08921424762089
86.0717264386989,0.790091863287392
87.0725604670559,0.932857575917495
88.0733944954128,0.921512122938046
89.0742285237698,0.875375341377605
90.0750625521268,1.13039965672547
91.0758965804837,1.00206064123262
92.0767306088407,0.84441449258945
93.0775646371977,1.03097145855581
94.0783986655546,0.970825990606908
95.0792326939116,0.898429381033271
96.0800667222686,1.04755364073389
97.0809007506255,0.909194970755195
98.0817347789825,0.997400392479232
99.0825688073395,0.926682170511777
100.083402835696,0.825361013406482
101.084236864053,0.942120075540043
102.08507089241,0.980037188135552
103.085904920767,1.04171329561838
104.086738949124,1.06436854479395
105.087572977481,0.949920349746855
106.088407005838,1.0203034977692
107.089241034195,0.960123742254113
108.090075062552,1.0115513041829
109.090909090909,0.861285395263579
110.091743119266,1.05579260582914
111.092577147623,0.988414971522705
112.09341117598,0.983338304328972
113.094245204337,1.07378115482875
114.095079232694,0.8847573498637
115.095913261051,1.07782774786041
116.096747289408,0.893563960250929
117.097581317765,1.03070080024759
118.098415346122,0.977326671948212
119.099249374479,0.953627346383682
120.100083402836,1.065298263272
121.100917431193,1.10089872409824
122.10175145955,1.05261228441869
123.102585487907,1.02009770766641
124.103419516264,0.986071352877906
125.104253544621,0.814657370915183
126.105087572977,0.879674829693422
127.105921601334,1.10677187419782
128.106755629691,0.988722932408888
129.107589658048,0.980723485690224
130.108423686405,1.00006996371534
131.109257714762,1.01804034697684
132.110091743119,0.984605123716925
133.110925771476,1.07437957997129
134.111759799833,0.961053158658159
135.11259382819,0.876475040426879
136.113427856547,1.06062345022262
137.114261884904,1.15703014304453
138.115095913261,0.948774496462852
139.115929941618,1.09347333695237
140.116763969975,0.982455598817687
141.117597998332,1.00059060474727
142.118432026689,1.04029644115397
143.119266055046,0.948347907284214
144.120100083403,1.05738184131031
145.12093411176,0.944533522714924
146.121768140117,0.966047953721308
147.122602168474,1.02460079393749
148.123436196831,1.18092495466098
149.124270225188,1.00463515531529
150.125104253545,0.906703275576906
151.125938281902,1.12321060472356
152.126772310259,0.988754370413855
153.127606338616,1.07958241088798
154.128440366972,0.961240285833416
155.129274395329,0.964856576057877
156.130108423686,0.898002473719388
157.130942452043,1.07903477573611
158.1317764804,1.04515971532336
159.132610508757,0.8897235191783
160.133444537114,0.934402276169783
161.134278565471,1.05028365942641
162.135112593828,0.913658174133375
163.135946622185,1.06362682368771
164.136780650542,0.832691524868841
165.137614678899,1.08154432282138
166.138448707256,0.952369315104249
167.139282735613,0.959419046604954
168.14011676397,1.10386594172821
169.140950792327,0.921531752295784
170.141784820684,0.88956163289342
171.142618849041,1.15220678155039
172.143452877398,0.914872207376206
173.144286905755,1.05839878366789
174.145120934112,1.06172945817781
175.145954962469,1.03104772873808
176.146788990826,1.0446864544315
177.147623019183,0.944745855434929
178.14845704754,1.09333325734634
179.149291075897,1.08104383892898
180.150125104254,1.03666847572211
181.15095913261,0.801728865507361
182.151793160967,0.937737981133145
183.152627189324,0.943131441384502
184.153461217681,1.13311729408794
185.154295246038,1.10261690961406
186.155129274395,0.963070825907428
187.155963302752,1.153259401583
188.156797331109,1.02178149829854
189.157631359466,1.06618493231719
190.158465387823,0.780649632303
191.15929941618,0.940238702633759
192.160133444537,0.928435275209687
193.160967472894,0.98975239383749
194.161801501251,1.03490942568384
195.162635529608,1.01044769068101
196.163469557965,0.903087021205191
197.164303586322,1.17285343378534
198.165137614679,1.07246251350003
199.165971643036,1.05046534161843
200.166805671393,1.12656825279284
201.16763969975,0.974608761863262
202.168473728107,0.998488669152174
203.169307756464,1.15362179717545
204.170141784821,1.13243798245742
205.170975813178,0.850179042204914
206.171809841535,1.21012835134726
207.172643869892,1.0338878252616
208.173477898249,0.950880538221269
209.174311926605,0.97655522571305
210.175145954962,0.950097111435948
211.175979983319,0.941202271627327
212.176814011676,1.10482452367809
213.177648040033,1.18595492941172
214.17848206839,49.8649381643904
215.179316096747,1.05979627306366
216.180150125104,1.08489403777151
217.180984153461,0.91508999519294
218.181818181818,1.16149389876566
219.182652210175,1.16656703492868
220.183486238532,0.866913037943708
221.184320266889,0.927063806970248
222.185154295246,1.15672524451628
223.185988323603,0.988893668664839
224.18682235196,0.970499564543073
225.187656380317,60.0
226.188490408674,1.00082338236511
227.189324437031,0.951473562599014
228.190158465388,0.949066693029807
229.190992493745,33.6506726584231
230.191826522102,1.05324570074823
231.192660550459,1.28506933729225
232.193494578816,0.946517286508018
233.194328607173,0.99467743278435
234.19516263553,1.04208454454463
235.195996663887,0.930061839411688
236.196830692244,1.05799135744384
237.1976647206,1.0043004958606
238.198498748957,31.2363615448956
239.199332777314,0.995935701379211
240.200166805671,1.07002163039432
241.201000834028,0.908431905977839
242.201834862385,1.01539531648366
243.202668890742,1.00882894703136
244.203502919099,0.919660161314845
245.204336947456,1.1268211645706
246.205170975813,47.2591347162926
247.20600500417,1.07612437765397
248.206839032527,42.2272033006924
249.207673060884,0.980678268701517
250.208507089241,1.11070385252813
251.209341117598,1.02956899324382
252.210175145955,0.81609863444678
253.211009174312,0.919550181977733
254.211843202669,0.910529639535605
255.212677231026,29.6992602088767
256.213511259383,0.699201986935633
257.21434528774,1.85693066915832
258.215179316097,-0.130406849176203
259.216013344454,2.10092882368805
260.216847372811,0.781947591944258
261.217681401168,0.417928268302557
262.218515429525,1.84762050782441
263.219349457882,-0.0529286034703303
264.220183486239,1.64739696728187
265.221017514595,0.738662606360147
266.221851542952,0.68261897647154
267.222685571309,1.92899528782199
268.223519599666,0.0140444180063345
269.224353628023,1.67738674303317
270.22518765638,0.884916391641166
271.226021684737,0.463244815302959
272.226855713094,1.81345634710835
273.227689741451,-0.158705482678845
274.228523769808,1.66298914180712
275.229357798165,0.893045850341782
276.230191826522,43.1660317172309
277.231025854879,2.8463945539204
278.231859883236,-0.877364216313873
279.232693911593,2.20803580850786
280.23352793995,1.05469663649556
281.234361968307,-0.119094431094048
282.235195996664,2.98882295926309
283.236030025021,-0.866818157490266
284.236864053378,2.04055374170141
285.237698081735,1.30973774251111
286.238532110092,0.535600589054442
287.239366138449,1.84881969532482
288.240200166806,0.0964382952943245
289.241034195163,1.33173138141687
290.24186822352,1.22110985196019
291.242702251877,0.330024185254742
292.243536280234,1.88514933603617
293.24437030859,-0.189896559614001
294.245204336947,1.2376368399984
295.246038365304,1.37094393857966
296.246872393661,0.104046359184221
297.247706422018,2.066886445658
298.248540450375,0.054415126033251
299.249374478732,1.44659750431933
300.250208507089,1.32457289678141
301.251042535446,0.306954943345353
302.251876563803,2.11088699877434
303.25271059216,60.0
304.253544620517,1.31547158261561
305.254378648874,1.47390890515576
306.255212677231,0.324754313971386
307.256046705588,0.872474229661899
308.256880733945,0.885067105365796
309.257714762302,1.07761294662262
310.258548790659,1.03750238686402
311.259382819016,1.02622212819464
312.260216847373,1.02323739861117
313.26105087573,39.3875148553374
314.261884904087,1.03152296802541
315.262718932444,1.20151461370622
316.263552960801,0.983043948721009
317.264386989158,0.87671216559495
318.265221017515,0.763894277031114
319.266055045872,1.07444239234926
320.266889074229,1.00986907141598
321.267723102585,1.03167961971168
322.268557130942,1.0043248274712
323.269391159299,0.866397347238278
324.270225187656,37.5313154448177
325.271059216013,1.20646222298002
326.27189324437,60.0
327.272727272727,2.02102284479832
328.273561301084,0.347165740195791
329.274395329441,1.14276873591266
330.275229357798,1.49116003360502
331.276063386155,-0.0300764995543541
332.276897414512,2.01446211679344
333.277731442869,0.360592913503847
334.278565471226,1.04354233013198
335.279399499583,1.43701989290744
336.28023352794,0.139268120039326
337.281067556297,1.96886027628099
338.281901584654,0.366843022832417
339.282735613011,0.836918335428973
340.283569641368,1.6681593148564
341.284403669725,0.0457367962173426
342.285237698082,1.99067403501178
343.286071726439,0.493820695242803
344.286905754796,1.07639089001778
345.287739783153,1.62540713802303
346.28857381151,-0.0117396011389314
347.289407839867,1.91941103899475
348.290241868224,0.669263301755848
349.29107589658,0.8355074825361
350.291909924937,1.70919154720318
351.292743953294,0.0398705553563569
352.293577981651,1.87948882576817
353.294412010008,0.5589449817683
354.295246038365,0.743577048633819
355.296080066722,1.65895066853874
356.296914095079,-0.0355744283291594
357.297748123436,0.997498114056624
358.298582151793,1.0467588195843
359.29941618015,0.864314736720855
360.300250208507,1.16143360141026
361.301084236864,0.977590233160192
362.301918265221,0.984127990271007
363.302752293578,1.12622498805575
364.303586321935,0.969351617687777
365.304420350292,1.05916136951379
366.305254378649,0.939647326312804
367.306088407006,0.842161044303066
368.306922435363,1.016085070823
369.30775646372,0.968086222597496
370.308590492077,1.09529744531397
371.309424520434,0.856510948035704
372.310258548791,1.09430397645753
373.311092577148,0.951018892186542
374.311926605505,1.06855165552341
375.312760633862,1.06255019985347
376.313594662219,1.02560538185097
377.314428690575,1.00519740278531
378.315262718932,0.920840645663192
379.316096747289,1.07225121325792
380.316930775646,1.02704499718063
381.317764804003,1.14088622418184
382.31859883236,0.958533904284837
383.319432860717,1.10335102258253
384.320266889074,1.22098881492064
385.321100917431,0.960778469027383
386.321934945788,0.954937233186072
387.322768974145,0.992825444016356
388.323603002502,0.991320945706966
389.324437030859,0.933364647784124
390.325271059216,1.05477499567087
391.326105087573,0.991838591006508
392.32693911593,1.03037461272077
393.327773144287,0.964955588291807
394.328607172644,1.26856813572996
395.329441201001,1.08047959795892
396.330275229358,1.06455475160117
397.331109257715,1.05603330795351
398.331943286072,0.934311660352516
399.332777314429,25.531819175244
400.333611342786,0.883162761838767
401.334445371143,1.1989121323259
402.3352793995,1.08228159198287
403.336113427857,26.9287881060801
404.336947456214,32.3797344747817
405.33778148457,0.968926166162979
406.338615512927,1.04731522140233
407.339449541284,1.00626842775016
408.340283569641,60.0
409.341117597998,1.0007803316405
410.341951626355,0.915495544751903
411.342785654712,1.00111792471455
412.343619683069,1.1013240717443
413.344453711426,0.990793519270736
414.345287739783,0.947935726421454
415.34612176814,1.02311443876631
416.346955796497,0.911538685164383
417.347789824854,0.958257913321617
418.348623853211,0.953101503576999
419.349457881568,0.949396262579446
420.350291909925,39.0060635883397
421.351125938282,1.21437510179249
422.351959966639,0.89346068522214
423.352793994996,1.00140299943284
424.353628023353,0.929154048140607
425.35446205171,1.20172553712302
426.355296080067,1.20709772427051
427.356130108424,1.01178893731613
428.356964136781,48.0946562118148
429.357798165138,0.97840164941976
430.358632193495,1.12033446724772
431.359466221852,1.0617044887078
432.360300250209,0.86516264956726
433.361134278565,1.0260915976193
434.361968306922,1.05864769374061
435.362802335279,1.08901038738012
436.363636363636,0.903872873904208
437.364470391993,0.933600836774738
438.36530442035,0.843092459471476
439.366138448707,1.03410013455208
440.366972477064,55.4529877162299
441.367806505421,60.0
442.368640533778,0.8157486420286
443.369474562135,1.50101787830158
444.370308590492,0.24075388585068
445.371142618849,1.96927817643291
446.371976647206,0.36362814551331
447.372810675563,1.01120460482398
448.37364470392,1.55432514571174
449.374478732277,0.0664053831658813
450.375312760634,1.96171849447173
451.376146788991,0.325596086759486
452.376980817348,1.03132423105155
453.377814845705,1.64747707733486
454.378648874062,0.0781600064140153
455.379482902419,1.82353141698567
456.380316930776,0.600301921690052
457.381150959133,0.868911565628792
458.38198498749,1.69921125089373
459.382819015847,0.173505057814028
460.383653044204,1.98092972548897
461.38448707256,0.347105513954447
462.385321100917,0.859761197882038
463.386155129274,1.72908054690199
464.386989157631,0.0122428245538343
465.387823185988,1.7795137058157
466.388657214345,0.623138889437079
467.389491242702,0.772839461355645
468.390325271059,1.72722546881954
469.391159299416,0.10328208709644
470.391993327773,1.80688076928141
471.39282735613,0.570264881758765
472.393661384487,0.928881065411168
473.394495412844,1.02498343011587
474.395329441201,0.973752830575954
475.396163469558,0.786008508158509
476.396997497915,0.931382569122296
477.397831526272,1.04298284717485
478.398665554629,0.989873340529062
479.399499582986,0.997160180028988
480.400333611343,1.23054162209831
481.4011676397,0.854283410859207
482.402001668057,1.02485193308293
483.402835696414,0.867454642004566
484.403669724771,0.897916852873639
485.404503753128,0.994712754774947
486.405337781485,0.881984162186051
487.406171809842,0.998289940588053
488.407005838198,1.04460249764958
489.407839866555,1.06872951001105
490.408673894912,1.1626345554044
491.409507923269,0.955485432049102
492.410341951626,1.07527827849372
493.411175979983,0.879543873566352
494.41201000834,1.08203740685423
495.412844036697,0.996507761950165
496.413678065054,0.990423055885931
497.414512093411,0.977083291445662
498.415346121768,0.976326651465789
499.416180150125,1.08120901940157
500.417014178482,0.923717603828847
501.417848206839,1.05628237555206
502.418682235196,1.04648689933123
503.419516263553,0.970020360338717
504.42035029191,0.852407069604439
505.421184320267,1.0237432483463
506.422018348624,1.17942565986377
507.422852376981,1.04035517833335
508.423686405338,0.913017359843142
509.424520433695,0.899258485674733
510.425354462052,0.953796429277168
511.426188490409,1.0701024123872
512.427022518766,1.10222377022798
513.427856547123,0.980420483324973
514.42869057548,1.08730351404452
515.429524603837,1.19375029156615
516.430358632193,1.00974196943188
517.43119266055,1.04748374622187
518.432026688907,1.19385252935618
519.432860717264,0.807610951367324
520.433694745621,0.967270138834695
521.434528773978,1.16007422703557
522.435362802335,1.02265291296816
523.436196830692,1.09145185682055
524.437030859049,0.882680744233691
525.437864887406,1.16061966365942
526.438698915763,1.10735510132126
527.43953294412,1.09945540938485
528.440366972477,0.951443861092585
529.441201000834,1.02385788643802
530.442035029191,0.996397981213035
531.442869057548,1.14189219595931
532.443703085905,0.886217084279609
533.444537114262,0.992660267597379
534.445371142619,0.83338881600934
535.446205170976,1.02884088273009
536.447039199333,1.05874356858349
537.44787322769,0.942291292755928
538.448707256047,0.96214719873646
539.449541284404,1.12518341277266
540.450375312761,0.978638960823215
541.451209341118,0.887861348256316
542.452043369475,0.943023064905928
543.452877397832,0.936239771801789
544.453711426189,1.05175312467949
545.454545454545,0.98066300181592
546.455379482902,1.09762476619183
547.456213511259,0.984369788908986
548.457047539616,0.986371277634211
549.457881567973,1.04130207048833
550.45871559633,0.983304819751688
551.459549624687,0.965125262838516
552.460383653044,0.9824089706814
553.461217681401,1.13077552373423
554.462051709758,1.00052467577204
555.462885738115,0.794099133577894
556.463719766472,0.889310090335358
557.464553794829,1.00840309159869
558.465387823186,1.14225111795334
559.466221851543,0.77616254016252
560.4670558799,0.902191434678073
561.467889908257,0.815501210786491
562.468723936614,0.997406889682929
563.469557964971,0.970191689762001
564.470391993328,1.0869263938427
565.471226021685,0.815508029296323
566.472060050042,1.04054173435377
567.472894078399,1.0311481809698
568.473728106756,1.14660170327573
569.474562135113,1.02628846343401
570.47539616347,1.02618435311894
571.476230191827,1.0992180233713
572.477064220183,1.00513386833317
573.47789824854,0.912485853383643
574.478732276897,0.992423155468733
575.479566305254,0.984150505657008
576.480400333611,0.799898723376802
577.481234361968,0.872942732188479
578.482068390325,1.03232313178013
579.482902418682,0.976488725916222
580.483736447039,0.874627154794061
581.484570475396,1.02919880369182
582.485404503753,1.04800391089425
583.48623853211,1.092096880669
584.487072560467,1.01841359917617
585.487906588824,1.07054264788903
586.488740617181,1.12056718324066
587.489574645538,0.774170726988218
588.490408673895,1.1162434952124
589.491242702252,0.911054772647739
590.492076730609,1.02136335301647
591.492910758966,1.09564033221934
592.493744787323,0.928412607620992
593.49457881568,1.04281981360008
594.495412844037,1.04849141802436
595.496246872394,0.966253190700583
596.497080900751,0.946609362970487
597.497914929108,0.881633011440748
598.498748957464,1.1105490659633
599.499582985821,1.00710771064442
600.500417014179,1.02195131100526
601.501251042536,0.968220538933741
602.502085070892,1.15721366201029
603.502919099249,0.845764978297267
604.503753127606,0.862622833950183
605.504587155963,-9.05529052916219
606.50542118432,0.855406324933749
607.506255212677,0.827521142338214
608.507089241034,1.08038402011196
609.507923269391,1.05815516785903
610.508757297748,0.990996610837556
611.509591326105,-4.13696282287508
612.510425354462,0.906086892693746
613.511259382819,0.927355481029361
614.512093411176,0.994877299191379
615.512927439533,1.05384006899825
616.51376146789,0.943741691241769
617.514595496247,0.839583506301976
618.515429524604,1.00266792402964
619.516263552961,0.926514276768003
620.517097581318,1.03119898701545
621.517931609675,18.8845832572261
622.518765638032,0.918441994947087
623.519599666389,1.04894893178789
624.520433694746,0.903347749244645
625.521267723103,1.1429409629348
626.52210175146,1.07452760277479
627.522935779817,0.917286406918082
628.523769808173,1.01116321734201
629.52460383653,0.996473604704204
630.525437864887,0.866770379033734
631.526271893244,1.01679855593414
632.527105921601,5.41765246086154
633.527939949958,1.1252072949791
634.528773978315,1.09806012224029
635.529608006672,0.828665371159278
636.530442035029,1.05427581579073
637.531276063386,1.11428870153945
638.532110091743,0.953491334568577
639.5329441201,0.92079772131821
640.533778148457,1.04025754680722
641.534612176814,0.974813348616472
642.535446205171,0.956535500286861
643.536280233528,0.966795737198557
644.537114261885,15.9105937356963
645.537948290242,0.789593074912643
646.538782318599,9.02356645028362
647.539616346956,0.243146880227772
648.540450375313,1.28728359545763
649.54128440367,1.4207592717325
650.542118432027,-0.059091239726583
651.542952460384,2.16901964104011
652.543786488741,0.125550097705424
653.544620517098,1.28231320172579
654.545454545455,1.36383238992145
655.546288573811,0.109370709036593
656.547122602168,2.12518955838781
657.547956630525,0.286267010856234
658.548790658882,1.16312620952926
659.549624687239,1.21730913590204
660.550458715596,0.0812684994251307
661.551292743953,1.85738309046255
662.55212677231,0.277103077280068
663.552960800667,1.01660612245499
664.553794829024,1.53256033973408
665.554628857381,0.0595234473418851
666.555462885738,1.84266286051883
667.556296914095,0.307569251386284
668.557130942452,1.09852500435509
669.557964970809,1.51275588104893
670.558798999166,-0.0335795509818329
671.559633027523,2.01372694007214
672.56046705588,0.435120594209304
673.561301084237,0.931550123302882
674.562135112594,1.57237086060245
675.562969140951,-0.0058345729457579
676.563803169308,1.85015607004412
677.564637197665,0.916471530507246
678.565471226022,0.797889225703112
679.566305254379,1.0386884502849
680.567139282736,1.28637503347945
681.567973311093,1.03139903204763
682.56880733945,1.0714922937268
683.569641367807,1.14511437639272
684.570475396163,0.882955149084609
685.57130942452,0.939271366662751
686.572143452877,0.803708102101322
687.572977481234,1.07558084712048
688.573811509591,0.939895363757786
689.574645537948,0.994467874104663
690.575479566305,0.782638205882669
691.576313594662,1.14463786881518
692.577147623019,1.07811735677232
693.577981651376,0.951323473592295
694.578815679733,36.6633846342481
695.57964970809,0.86314902034699
696.580483736447,0.868791971247487
697.581317764804,1.07585812919978
698.582151793161,1.08935352169879
699.582985821518,0.944892482629327
700.583819849875,0.967079605812028
701.584653878232,0.955695096602664
702.585487906589,0.941949049733924
703.586321934946,0.964835366265723
704.587155963303,0.977541925461708
705.58798999166,1.07000105888938
706.588824020017,60.0
707.589658048374,0.769576671949751
708.590492076731,0.637226744244628
709.591326105088,1.7832945174261
710.592160133445,-0.136802871488125
711.592994161801,1.72733033489871
712.593828190158,0.708088642345116
713.594662218515,0.433254314066666
714.595496246872,2.00927717242192
715.596330275229,0.0520374255025006
716.597164303586,1.89105171633017
717.597998331943,0.973398640148194
718.5988323603,0.450102805066214
719.599666388657,1.77119223136933
720.600500417014,-0.0944156722157992
721.601334445371,1.59042677463679
722.602168473728,0.753592825095214
723.603002502085,0.483436618900447
724.603836530442,1.81719393239174
725.604670558799,-0.103727807654986
726.605504587156,1.65441423053422
727.606338615513,1.00917189842933
728.60717264387,0.445032993226222
729.608006672227,2.04544928266113
730.608840700584,0.0847052521034711
731.609674728941,1.59772662595497
732.610508757298,0.906518988560732
733.611342785655,0.258706354155111
734.612176814012,1.92017903986965
735.613010842369,0.124154646785097
736.613844870726,43.6864747405357
737.614678899083,1.043722671448
738.61551292744,0.998865449461846
739.616346955797,1.11859348092209
740.617180984153,0.859483939879171
741.61801501251,60.0
742.618849040867,1.14268487000565
743.619683069224,0.211221537794239
744.620517097581,1.93418194598596
745.621351125938,-0.182499384801236
746.622185154295,1.52504000056784
747.623019182652,1.23462236161307
748.623853211009,0.295446051724182
749.624687239366,2.181480306369
750.625521267723,0.21815225875158
751.62635529608,1.57646094267568
752.627189324437,1.2951464978008
753.628023352794,0.322653994329012
754.628857381151,2.14207371675957
755.629691409508,0.265711798079907
756.630525437865,1.30235394892103
757.631359466222,1.31255400025301
758.632193494579,0.130119347001038
759.633027522936,1.92700773430534
760.633861551293,0.0766122313612115
761.63469557965,1.24774051695302
762.635529608007,1.36182810236011
763.636363636364,-0.0056996120693697
764.637197664721,2.01460432508151
765.638031693078,0.255583165399532
766.638865721435,1.24083693555926
767.639699749791,1.4569975444617
768.640533778148,-0.0205012724704009
769.641367806505,1.84155280637148
770.642201834862,0.335049212548905
771.643035863219,1.01204655092152
772.643869891576,0.994472081130209
773.644703919933,1.03306486279008
774.64553794829,0.940084982007481
775.646371976647,0.944589656901125
776.647206005004,1.16239771917721
777.648040033361,0.88037354749894
778.648874061718,1.11026879865363
779.649708090075,1.10438816312551
780.650542118432,0.880703181736879
781.651376146789,0.862852692403348
782.652210175146,1.0618210347257
783.653044203503,0.905956528398913
784.65387823186,1.04112948570633
785.654712260217,0.981216261197311
786.655546288574,1.11412479886649
787.656380316931,1.10853977613846
788.657214345288,1.01202608054936
789.658048373645,1.1280681881984
790.658882402002,0.93763890148393
791.659716430359,1.10101139874403
792.660550458716,0.823812082746628
793.661384487073,1.03628547327449
794.66221851543,0.982586105669528
795.663052543787,1.04381328865263
796.663886572143,1.01965240252383
797.6647206005,0.969866082797348
798.665554628857,0.869560974558903
799.666388657214,0.940523219535104
800.667222685571,0.933626155872003
801.668056713928,0.938780114818361
802.668890742285,0.978531875429788
803.669724770642,0.976290950635466
804.670558798999,0.931973284214725
805.671392827356,1.13721491522611
806.672226855713,0.941986655947123
807.67306088407,0.863218531486141
808.673894912427,0.980330369423386
809.674728940784,1.18655337027482
810.675562969141,0.801631176448274
811.676396997498,0.922693836602198
812.677231025855,0.922237236176044
813.678065054212,0.803064345816985
814.678899082569,0.941977143036388
815.679733110926,1.03284639844063
816.680567139283,1.16173754313231
817.68140116764,0.96395147509061
818.682235195997,0.980217577823056
819.683069224354,1.10508426586944
820.683903252711,1.01737721176671
821.684737281068,1.03111507967923
822.685571309425,0.961418981551113
823.686405337781,1.20357294142234
824.687239366138,1.17854524907648
825.688073394495,0.88152672977196
826.688907422852,0.977399662282659
827.689741451209,0.974080757531107
828.690575479566,1.09637323901853
829.691409507923,0.947012547027573
830.69224353628,1.06640036550925
831.693077564637,0.869318163795591
832.693911592994,1.00712148171593
833.694745621351,1.04031606312413
834.695579649708,0.870863314442275
835.696413678065,0.954320375735529
836.697247706422,1.09486705298405
837.698081734779,1.21143478183585
838.698915763136,1.04286366827827
839.699749791493,1.01906403574353
840.70058381985,1.14044318416482
841.701417848207,1.0339129094953
842.702251876564,0.91617544401069
843.703085904921,0.984699228768283
844.703919933278,0.888199276318005
845.704753961635,1.04494779956734
846.705587989992,1.05936722634173
847.706422018349,0.938650534945444
848.707256046706,0.9248310522162
849.708090075063,1.10858365191308
850.708924103419,0.780805467585921
851.709758131776,1.08891162056257
852.710592160134,0.927747548338375
853.71142618849,47.1883622778008
854.712260216847,1.06406550499682
855.713094245204,0.897853206039704
856.713928273561,0.908324377728517
857.714762301918,1.08203598585258
858.715596330275,0.869483658169009
859.716430358632,5.53324363216325
860.717264386989,1.19827901587524
861.718098415346,0.133553064058989
862.718932443703,2.06201698831432
863.71976647206,0.124618994505643
864.720600500417,1.37330221329236
865.721434528774,1.2461334718702
866.722268557131,0.29542591282789
867.723102585488,1.97747837750354
868.723936613845,0.266998188787042
869.724770642202,1.20416559313228
870.725604670559,1.30436816531957
871.726438698916,0.0787928166468324
872.727272727273,1.85663069278203
873.72810675563,0.273850119309676
874.728940783987,1.46575070827622
875.729774812344,1.39403592320968
876.730608840701,0.10567494967964
877.731442869058,2.01735409279006
878.732276897415,0.232090899358807
879.733110925771,1.34540346751683
880.733944954128,1.4629488189443
881.734778982485,0.145253698790798
882.735613010842,2.10373132661138
883.736447039199,0.450432040980442
884.737281067556,1.19167611772255
885.738115095913,1.39390423902093
886.73894912427,0.248838154580807
887.739783152627,2.00034619109531
888.740617180984,0.392372571266024
889.741451209341,60.0
890.742285237698,0.949133527175194
891.743119266055,0.868268321949105
892.743953294412,0.973915665828184
893.744787322769,1.16147135984805
894.745621351126,0.968569913396312
895.746455379483,0.981883152889547
896.74728940784,0.909689480309494
897.748123436197,1.09419886841136
898.748957464554,60.0
899.749791492911,0.903497257072903
900.750625521268,0.990815152057516
901.751459549625,0.812064305081217
902.752293577982,0.950164921643453
903.753127606339,1.00767884405637
904.753961634696,0.995402925858441
905.754795663053,1.09643675825501
906.755629691409,0.874913302663158
907.756463719766,1.0031223197106
908.757297748123,1.0526744593605
909.75813177648,60.0
910.758965804837,60.0
911.759799833194,1.03127745275613
912.760633861551,1.01559100433886
913.761467889908,0.859161935428217
914.762301918265,0.984815153487529
915.763135946622,0.998865323887245
916.763969974979,57.2310950899504
917.764804003336,1.00483762298459
918.765638031693,0.937877417140453
919.76647206005,43.1548384424797
920.767306088407,60.0
921.768140116764,0.0198731661677066
922.768974145121,1.80181414523964
923.769808173478,0.661542364947184
924.770642201835,0.777676383060599
925.771476230192,36.9745205366684
926.772310258549,-0.0239095245479556
927.773144286906,1.71020172449938
928.773978315263,0.714610799595251
929.77481234362,0.686233666160188
930.775646371977,1.80016248442485
931.776480400334,0.145263106045454
932.777314428691,1.84845288429682
933.778148457048,0.888129421105161
934.778982485405,0.710697412601076
935.779816513761,2.0455701292914
936.780650542118,0.0609920415731331
937.781484570475,60.0
938.782318598832,0.778524652238347
939.783152627189,0.423291432491732
940.783986655546,1.83307696317717
941.784820683903,0.05169787466057
942.78565471226,60.0
943.786488740617,0.792542578326955
944.787322768974,0.313064771263795
945.788156797331,1.96129039481375
946.788990825688,60.0
947.789824854045,2.25343195408437
948.790658882402,0.93861810996855
949.791492910759,-0.0949531574358049
950.792326939116,2.91544079867784
951.793160967473,0.0599196834083831
952.79399499583,1.56157148261633
953.794829024187,0.888858484801915
954.795663052544,0.350820495388262
955.796497080901,2.10051438100269
956.797331109258,-0.076330498462664
957.798165137615,1.62298539278552
958.798999165972,1.00355213554658
959.799833194329,0.37979859232133
960.800667222686,1.89827620313273
961.801501251043,0.166274498867294
962.802335279399,1.489403561962
963.803169307756,1.04482121746346
964.804003336113,0.252835073748095
965.80483736447,1.97212246216509
966.805671392827,0.146983174050362
967.806505421184,1.46641500562219
968.807339449541,1.30960382316718
969.808173477898,60.0
970.809007506255,2.88731543914735
971.809841534612,-0.859822684290541
972.810675562969,1.86349807147522
973.811509591326,1.53405652146784
974.812343619683,-0.462993913858512
975.81317764804,3.0181890316141
976.814011676397,-0.678882364885852
977.814845704754,1.3879633102947
978.815679733111,1.17462901443263
979.816513761468,0.165189615085683
980.817347789825,54.5546994429171
981.818181818182,0.375698921292296
982.819015846539,1.4138418894864
983.819849874896,1.41731529944317
984.820683903253,0.256762331629517
985.82151793161,1.85876912358115
986.822351959967,0.329749170952061
987.823185988324,0.990111003160296
988.824020016681,1.32999948724596
989.824854045038,0.211803481787807
990.825688073395,2.01586134187622
991.826522101751,60.0
992.827356130108,1.10577399772445
993.828190158465,1.30365626633245
994.829024186822,0.123118460980281
995.829858215179,60.0
996.830692243536,0.170554694720125
997.831526271893,1.07108479841933
998.83236030025,1.4815356770149
999.833194328607,-0.105854041552702
1000.83402835696,60.0
1001.83486238532,0.432036295796503
1002.83569641368,1.10109517427768
1003.83653044204,1.76160627166753
1004.83736447039,0.119793071234486
1005.83819849875,2.03712976240183
1006.83903252711,0.2926798089332
1007.83986655546,1.19519114911337
1008.84070058382,1.54816608093436
1009.84153461218,-0.114845520568643
1010.84236864053,1.79245063068883
1011.84320266889,0.360262867859805
1012.84403669725,1.01501389380153
1013.8448707256,1.3789951405507
1014.84570475396,-0.0388415272534101
1015.84653878232,1.8935126198456
1016.84737281068,0.523660515980422
1017.84820683903,0.906843772726603
1018.84904086739,1.49851133013112
1019.84987489575,0.0343827311289953
1020.8507089241,2.13092131721177
1021.85154295246,0.475264080552845
1022.85237698082,0.882439643317692
1023.85321100917,1.78265017261477
1024.85404503753,-0.0953009995525049
1025.85487906589,1.64448524189208
1026.85571309425,0.640483265286708
1027.8565471226,49.2956910864691
1028.85738115096,1.91914553799438
1029.85821517932,-0.0938758096512973
1030.85904920767,1.84998444357303
1031.85988323603,0.84685654342134
1032.86071726439,0.935640467108759
1033.86155129274,1.01074165485861
1034.8623853211,0.9522930523691
1035.86321934946,1.12149856702064
1036.86405337781,40.5758618278604
1037.86488740617,0.938038525790682
1038.86572143453,1.10202430656639
1039.86655546289,0.799169804761453
1040.86738949124,1.0043843940693
1041.8682235196,1.05557557894034
1042.86905754796,1.06425818799611
1043.86989157631,1.06986116168432
1044.87072560467,0.987161438518883
1045.87155963303,1.09488222529336
1046.87239366138,0.998696326590323
1047.87322768974,0.804439873374863
1048.8740617181,37.1067855990274
1049.87489574646,0.920975757184013
1050.87572977481,0.905580237503471
1051.87656380317,0.962436655426989
1052.87739783153,0.922531358628447
1053.87823185988,0.97991659282852
1054.87906588824,1.13406538828071
1055.8798999166,1.12184978263228
1056.88073394495,1.15787653152993
1057.88156797331,0.935882746795885
1058.88240200167,1.02766080089583
1059.88323603003,60.0
1060.88407005838,41.9356618672641
1061.88490408674,0.898903484703211
1062.8857381151,1.07514936481111
1063.88657214345,1.09598547991617
1064.88740617181,0.963211377349809
1065.88824020017,60.0
1066.88907422852,1.0367876739121
1067.88990825688,60.0
1068.89074228524,1.04594484153334
1069.89157631359,0.841140630336926
1070.89241034195,0.972451438655753
1071.89324437031,0.860048633827124
1072.89407839867,0.87340919780847
1073.89491242702,1.07567348752865
1074.89574645538,0.983875847186973
1075.89658048374,48.4633526940496
1076.89741451209,56.8717553839199
1077.89824854045,0.430041339688036
1078.89908256881,1.89264936229673
1079.89991659716,-0.0848009620661713
1080.90075062552,1.50435803387091
1081.90158465388,45.4240931087842
1082.90241868224,-0.433957691468252
1083.90325271059,3.20609383084729
1084.90408673895,-0.748070807324845
1085.90492076731,1.7853182536157
1086.90575479566,1.43632913198956
1087.90658882402,-0.551353554363668
1088.90742285238,3.10914307467528
1089.90825688073,-0.842489312331094
1090.90909090909,1.61244729035186
1091.90992493745,1.52414769916131
1092.9107589658,-0.638997753823561
1093.91159299416,2.97805037705377
1094.91242702252,-0.632109052081997
1095.91326105088,1.75322002988981
1096.91409507923,1.71084546647367
1097.91492910759,-0.766635134559735
1098.91576313595,2.89760108540329
1099.9165971643,-0.599341294674005
1100.91743119266,1.7180411470539
1101.91826522102,1.66899947152399
1102.91909924937,-0.755447303567265
1103.91993327773,2.94328951624264
1104.92076730609,-0.513644582438072
1105.92160133445,1.16175880043126
1106.9224353628,1.92489890162386
1107.92326939116,0.011919132258473
1108.92410341952,2.09597596103161
1109.92493744787,0.409549285916284
1110.92577147623,0.961689425462591
1111.92660550459,1.60013969011716
1112.92743953294,0.885990049502298
1113.9282735613,0.867184562964364
1114.92910758966,0.961966233752908
1115.92994161801,0.904398424156454
1116.93077564637,0.820752192323839
1117.93160967473,1.05858171819759
1118.93244370309,1.07355959564977
1119.93327773144,1.04092215024784
1120.9341117598,0.953164670626232
1121.93494578816,1.08291520473366
1122.93577981651,1.03782418976042
1123.93661384487,0.927588585626917
1124.93744787323,1.0612590978749
1125.93828190158,0.907585683226611
1126.93911592994,0.867362590568758
1127.9399499583,1.00459597685292
1128.94078398666,1.02860680427258
1129.94161801501,0.871450929406767
1130.94245204337,1.16716748642123
1131.94328607173,0.962716994711398
1132.94412010008,1.08354377478619
1133.94495412844,0.990975657234239
1134.9457881568,0.795384750432469
1135.94662218515,0.824070506138263
1136.94745621351,1.1118152871597
1137.94829024187,0.898941515361978
1138.94912427023,1.23606256362632
1139.94995829858,0.9997788913082
1140.95079232694,1.09671139190787
1141.9516263553,0.963913004677384
1142.95246038365,0.923854229431267
1143.95329441201,1.11160827192513
1144.95412844037,0.915428654497738
1145.95496246872,0.811594192422144
1146.95579649708,0.840445867294591
1147.95663052544,1.09299569875954
1148.95746455379,0.962684434153251
1149.95829858215,1.04937180924499
1150.95913261051,1.04681534089479
1151.95996663887,0.910134997541891
1152.96080066722,1.01066667509513
1153.96163469558,1.07649129844754
1154.96246872394,0.987315998698475
1155.96330275229,1.0217044150549
1156.96413678065,0.988619473709368
1157.96497080901,1.09151199298231
1158.96580483736,0.894196552481646
1159.96663886572,1.09814630633353
1160.96747289408,0.899677911663074
1161.96830692244,0.927991022790532
1162.96914095079,1.00595688478576
1163.96997497915,0.918384023838124
1164.97080900751,1.04469583752497
1165.97164303586,1.08030867743135
1166.97247706422,1.15669719743496
1167.97331109258,1.10528470794969
1168.97414512093,1.07540640354212
1169.97497914929,1.05780859022522
1170.97581317765,1.03824242442319
1171.97664720601,1.01499164792625
1172.97748123436,1.07806523759891
1173.97831526272,0.943870562383823
1174.97914929108,60.0
1175.97998331943,29.5304844686456
1176.98081734779,1.06704306537076
1177.98165137615,1.03429024136234
1178.9824854045,1.01833769997888
1179.98331943286,1.17927545600931
1180.98415346122,0.758873303968821
1181.98498748957,1.01200231081983
1182.98582151793,60.0
1183.98665554629,0.902791112949097
1184.98748957465,0.858675948196181
1185.988323603,43.3518816243608
1186.98915763136,0.980098209252947
1187.98999165972,0.955562100655315
1188.99082568807,1.0383421296214
1189.99165971643,0.948004043263138
1190.99249374479,0.99219738057022
1191.99332777314,1.09523030167001
1192.9941618015,0.885033626620074
1193.99499582986,1.04034504151808
1194.99582985822,0.955217063953458
1195.99666388657,0.977417392255277
1196.99749791493,1.04712826298444
1197.99833194329,1.03057207147336
1198.99916597164,1.03110946934861
1200.0,1.05483491418004
