x_loc,y_loc
-25.0685822204652,-1.20083499613918
21.8730931067692,11.5915691492123
-45.4675146625087,-18.1878602873096
-44.1359448637429,16.4807173910335
-25.8905144025202,21.005973014278
1.04585781859713,-31.7751753207664
-24.0010591637849,-37.997100365049
-34.9771389062843,-38.2605762714131
-54.6928003931394,-39.0029426328495
-52.503354143629,-31.4388234939016
-1.63919805885982,-27.2185440332665
-36.2738371303526,-5.33574604424726
54.5047810618317,31.0027449621125
59.5388937848734,38.3981851685628
55.759648549505,6.78000012773553
49.0639303001347,-38.2752374691123
-51.6444452776182,36.1040835235176
35.1536440909017,-39.6566784972219
-45.4312095056358,-16.1886045508388
-35.9760951811332,-38.306252971601
-51.7326403020791,-35.6360616536243
12.5865995914256,18.0833914766482
-15.4846988658982,-34.0174216740033
-18.5154715373902,1.21806802240399
-59.3274690428089,29.9821996644523
52.8847954388734,27.3474304139145
-43.2607954294493,-38.5959033334768
-55.0335779199599,18.9549818749779
-41.2330169352317,9.83034796385111
2.68133971904772,10.9238815477318
58.6169936239512,-9.11258705231252
32.4190106272978,11.7262889757535
-55.2071866857428,-28.9130460204305
-42.8780463567344,38.0304647784948
59.4084778320212,-14.7540446887196
12.4833669862971,3.28669702310967
-26.6245035403343,-1.43232027928971
-45.0738985685225,-36.9113987255769
18.2622782412538,4.86376021641411
-38.8886804401362,38.0954818516537
16.1415173477147,9.86185945478123
13.2990293100053,8.91424821117923
-23.2047843131943,-0.475999970146872
-6.45642460309047,-37.6771120143757
-40.8871133818795,38.1206152840777
-50.1506555548929,-35.5150255048339
-6.92219059349995,-31.554646862762
59.6152180771616,-33.4574300611693
-15.8907694872761,7.54290789958533
58.7527498864447,-38.9769212291208
-50.8786483731636,-37.3756654730852
-24.8858562640414,-37.314627746914
-49.9353157136949,-36.5133000837126
-47.7155821015862,36.7972880242578
-10.1535950410878,-32.4179187140652
-28.4789303563114,32.5934448027576
17.1458163085144,-4.10937365152266
-26.5593093676231,-39.0841441645113
10.5354698261354,2.8455686206279
-52.0091652178216,-30.8476906600565
2.60492992911578,-24.612477198992
4.604203465726,11.4736821854869
12.738125384839,-15.2295376440385
55.0507359944216,31.8405595069736
-59.3194880724692,5.64894287298096
-47.6201302076352,-25.4326723720331
-35.4103522119396,8.61268530484304
15.5646229328281,-35.1950528027195
-51.7006904623778,-39.1855979155748
-52.6975468622533,-39.106368388078
-18.3550045612449,23.5163655311384
41.5670412125384,15.6258963647603
-6.28760678161012,5.49939142583654
55.9954158511239,-39.189136501858
56.7871058350679,39.3670662935831
13.6888474253832,-13.471579912672
-20.3113602716552,20.0838151340395
7.54198801749989,12.0156525158905
-54.3604138682607,-27.9537018186075
-3.44308091249251,27.5606356529583
-27.6034376132233,-38.5753095630505
25.1283389949714,6.20057777276672
-59.1340318058774,2.6594493639444
-39.9527988572284,-38.5664786594013
58.9780569896571,-18.7287978406004
-46.8713282059027,11.6441258553083
9.80717535278838,20.9419850586579
-25.0008140557215,-37.9749608969228
24.4692498020235,12.0053723597661
59.3573883414499,-30.4733130006376
11.497782057132,3.11751561927725
45.9739165065927,19.5663943704709
-54.0884714302266,-33.7923810893724
-20.3923855739064,0.550228280214344
-53.55969451636,17.6030735811506
-43.8599237289783,37.8409474286941
-55.1510845616187,34.2317170003877
-47.9834103118627,-34.1710330846676
-58.3866232076781,-0.241906421873793
-55.6834925684249,-38.8668213125945
-20.1819608933023,22.7082509680605
-41.8366281656713,-39.2282637621444
-58.815406126734,30.8411476081491
52.3896390591566,4.34122121134497
38.1407339515382,-39.380633122267
-53.4819034249984,35.3146842412201
50.9393852377964,19.6125467591858
15.033885920553,-9.70600306935249
47.2183203997384,21.1310865986339
56.9625001680136,35.3520198246423
-6.99537907931836,8.59169981943446
22.8040682498137,11.9566517193705
-5.89577709031296,-29.8160690264699
-43.2332738145886,16.9110486320777
44.0967701881617,-38.8156055186969
-48.6944350429475,-33.4678660833189
-20.0192590084443,-38.3397330547181
-42.1104624265476,-19.6485352128029
-22.5984024527113,-38.6596523072527
0.388099257488149,-31.8598443228643
15.3914626925833,4.00913082937376
-56.9497617319754,8.82865872865661
18.6316181538991,1.65995729397426
2.96326660418374,0.371627642379991
-57.6786331037155,8.14400807068739
16.7088972002549,-5.00887445354438
37.9026048286779,8.13334724553767
-48.8889771931778,-31.7250866635744
59.0694360450035,-17.7329816586451
42.8865695658413,8.3214690481563
7.43734706643228,22.781427369965
-43.3089579100666,-10.7216354009709
26.185101277781,-39.4228705116066
54.1161479567017,30.0813523695674
-15.0980227576066,-39.1364919647131
50.308597156497,17.7171749471853
-42.7265580456721,-9.90873294805715
-57.1710892302072,22.3351903744084
4.40502133868583,7.71643521910123
8.36047776331693,8.28568457964003
-47.4185074143718,-36.1481888566415
59.5367449579535,-10.84943245099
36.6968308953848,12.7374724465851
59.1468309786431,-16.7359811449808
56.0389912107511,-4.8819320293277
-5.42062173260585,27.8337547943892
-45.1398736654456,10.6471520207356
-53.4279450952126,-32.256799579792
-36.3359866679476,8.99110419159529
-22.0973006083217,23.6510920759391
-38.2456324439861,9.55570421060218
-23.9933653762017,21.5972590491517
-47.0903598903142,-37.4633275356565
53.0786138412886,34.7227043715267
-45.3080451821573,-15.1962182604145
-58.6015275728547,-38.186369060697
44.8633492684132,8.07201559656477
-59.3678990199029,-37.5439713605539
52.0517993617021,-38.5311486767293
57.0160297538435,7.43183479775048
24.1504539903007,5.99143447825253
50.9940585091439,30.1999954968904
13.2404824914406,17.3267957106886
-32.0412856059546,-8.59768231832831
11.5275166943709,12.294493709353
-57.8369025570183,-20.8226913932922
55.4333133177483,8.65136129877963
-58.8779759250686,-18.0114441033625
-23.2071502003743,4.65266237397304
-59.3168319642103,4.64894640044272
2.07899576105496,-29.3823674208828
-45.1825481391285,-14.2041242667874
-37.1498287868109,-5.81807230085719
-28.7348666252078,6.53595406829041
39.8081955433076,14.6738145040876
-9.97995477794765,3.98575213626103
-59.0074543512826,-17.0198618641382
5.81046303652365,23.9443305987183
28.4364813985772,11.7162644706588
18.905871697695,4.63527747654271
27.1849769500915,-39.4386388318006
18.0209721922661,10.5443173205053
-49.4278554287809,-33.6510627494181
0.437460343242957,7.26873128131174
-36.9754563975963,-38.270515609789
58.8270497805444,-19.717330502072
-31.4162651104176,-7.81707397853256
20.8984509320863,11.3678000018095
-26.759258148417,6.22676908228801
53.6185774682315,35.5643927233403
26.1001352958568,6.43639963262153
8.37259178585826,-20.6957996471612
49.5006851605117,14.8337969095945
-4.93321723467235,-31.3875676855068
-7.29032700478403,-38.2290239497872
-44.4755467758182,-12.3437601812651
-53.3869317034275,-29.7374494600443
50.3090224399243,11.7476140208183
-19.4835274941572,0.967333771516639
15.0243616008946,13.77161377093
-35.0981719189121,36.9453372605432
-31.542609433636,-39.433104346908
53.7891372445719,7.08694141642167
-7.65439313192048,-30.7672221637926
13.7862891575399,16.4888845678807
-4.0467488625845,9.13429373681284
-44.9215788269603,-13.2387771695698
19.3167364682506,-36.5629732874067
-56.9477104074812,-27.9377058118409
-55.5796362477337,-34.346681946303
25.4440976453271,11.7825009116029
-32.4753274590174,35.5311892950775
19.4998654469328,12.5093160317528
-0.155832676158535,9.96056180168086
-57.3321714513077,-30.0199674232339
-33.992195269338,-38.0877005008756
22.1935281819988,5.58048165918927
29.9713186122737,7.40662135665744
22.0021114870253,-37.8890434243676
29.7255888088848,12.8567014876665
-38.3543532294172,-39.2840053950163
-28.9054462516465,-2.32789546061444
-56.6544595997462,21.4789813900304
47.0699832519089,-38.4271454002712
-3.41168219037762,6.33636861346904
-9.29203085736767,-31.910270058664
18.7004134131405,5.61394335073467
39.897553576773,8.27358525745054
-9.11767982354103,-39.026422978074
10.3599628149912,8.33083833586433
-23.0772733517367,21.998227131063
-41.4838362798854,-38.6093841357116
-56.1049940457045,9.36379194219556
9.7074751410239,-33.9067563748441
-30.7303210282959,-7.08941972258249
-40.3476645788398,-17.2234999166771
-21.1760673869912,22.599843038435
-27.8428415048014,31.8218289832045
-14.6606209857857,2.23620252195373
-21.6352130721907,22.7642577571668
-15.7456713414909,24.9956589612214
3.42768173531024,7.50475787106032
2.30284252680209,25.8498772035388
16.5258728813076,-35.4707311234998
-33.482426301769,8.08107244000019
4.04970007553519,24.8773476489732
1.99627130966716,0.116833410924901
-29.8694070199188,-2.59393988779121
-56.1113951810352,-28.485954698766
-27.8457979999059,-3.01505244263848
-53.0071680762887,11.8773370492448
14.6584142802332,-10.6328369526971
-41.3972886157484,-8.43225300390556
-57.9602959432092,-5.21659512464146
-20.9106533635706,11.2242512115554
-45.892954402848,-20.1418674605432
1.74006153566918,10.5862495268931
-26.6687435268616,30.2038315426272
-48.5589753898581,-30.781106361976
-59.1912105588062,-13.0411971953795
-23.8523026971056,26.0777555824959
-25.5593524894505,-39.0934308105957
34.9163718139944,8.03821880845118
-14.099251641792,-39.1860526165895
-32.7070815289424,-3.5661578497475
-48.6397396176484,-34.5683258986747
18.8023451021929,2.64527567354823
-56.6687775302062,-38.6959016118938
-43.8125029596813,-39.4693751671745
47.5659520687243,12.9304919496889
-57.8016540529163,-7.20854558214104
-47.5826008697917,-25.8929909101562
-29.1351825890512,33.3479863900966
49.3744156450983,24.4704879496723
55.9690797874038,38.7918851174803
44.6307870521413,13.4034320084144
-13.7233442723362,2.58478875579741
-50.6805033397526,36.3701961696355
20.2293191052014,5.21908754843698
-48.5639552417097,14.1631273929083
-46.5464416084304,-35.5591539794142
-59.1163737255738,27.9933717224869
-15.5997977629102,1.89276842156462
-37.2644860725033,9.36243807873676
-28.7494768523353,20.110969283016
-46.0280671847222,11.106621576109
-54.8538494330105,-33.6587622565325
46.6182456417748,20.3311426725648
-5.93300955673745,-31.407946908742
52.009868860327,5.26630207055726
-18.0787986648642,-38.8070479236835
-23.9500020879181,-36.9622402314818
-24.3900117914249,26.9208860171774
-50.5564169586551,-36.4290045435525
53.0432828234689,-38.6613813340886
-40.2375446506833,9.73529571140036
37.013873661987,13.592256506313
58.7684944014378,-22.7157138375809
-46.1982257354276,-21.0941328718152
-3.26742349013998,-28.3792969017204
4.28707254448699,-23.5318156671918
18.3180947263377,6.53797388146476
58.6907691666405,6.34184845091689
-41.538406717179,-18.8283204449653
-51.0818384085699,-31.6554348295207
-35.3937426542882,-38.9687197351421
58.7784310347932,-20.7161479115926
-3.39581747085473,-35.1103271324442
-52.6006454432655,-30.3553118371806
31.7147153207222,13.0610889501644
5.97653587315798,-32.4939895289352
53.0037048894399,2.4412357238119
1.51720490985857,-19.9296882098633
-18.8563746657486,-37.2988092725547
3.03393260588823,-31.9905417717846
3.18885034218436,25.3862068992476
36.1493937891223,-39.5645777996478
-48.0463709645105,-37.1699969610245
-32.7301067971812,19.8965283314641
56.5097112676662,-5.76421465299082
13.4638813834304,3.48314426033701
-59.3003229547356,-14.0352266139857
-59.2054169143543,-15.0307128486967
-30.7503608092838,34.5191179806745
2.04174181294102,-31.8658123430567
41.1366934388038,-39.2950094572341
51.076180398613,20.6031461151199
58.7263388717959,6.48559615609159
43.6311272475496,13.4295140919921
-26.9981814515177,-37.8822847499141
14.5094477985108,12.5510324655137
48.989855940213,23.5473878286786
-51.1895244094496,-38.3261159400024
-4.87388111861776,-36.4542557546899
-50.9705253739564,-32.7024602303978
-36.9141794542556,37.7816030608021
-41.4416466809037,17.7938673563347
-48.2468266972188,-29.8310731027247
47.865751685988,21.8932104268831
48.0656975361004,-38.3346626221074
-57.8393750596815,-6.20925727256837
51.0574923862377,-38.4245952228073
-33.5401240906434,-39.420510303687
-9.0485281754043,4.34968136574742
-48.5475393615771,12.7280773672922
41.8917509845634,8.42313512088596
-14.5407611784772,-34.8135497743826
-20.1713001471229,-35.7191529293526
15.5080045494959,12.4973257148935
3.8946161332815,0.735754069118554
0.970620731091384,-31.0470290100218
-1.51583071015952,6.97005044039764
-34.1735476717957,-10.6994316908741
54.0322620050672,-38.8094359806392
5.39315162327833,7.87005338427434
-37.3871032646356,-39.0301796563097
-1.866971365355,-33.8229219105515
-12.8096746231246,-33.8125441786216
15.3300154548551,12.8194710707222
-42.7605971433553,-20.4083541715038
28.7270073763796,12.8034556178184
-8.97629670008584,8.32014601443953
-54.1056832992295,-28.9207138853373
6.9241636563299,-32.813366398105
-50.6335117345773,-29.3987282841749
-45.9311427810182,15.5992421369267
-40.3435003368091,-39.2857015619441
-50.1159658377645,-33.2218136737325
27.4371372085241,11.6800541156893
1.36507399531263,26.1971381736292
-58.8878878868581,6.5510078816031
-55.5866135988642,19.7881394458244
-23.6605959233278,3.76137848186279
-0.743761587797497,-26.7733547181527
1.53320022859243,-30.2202858159213
8.58871444929872,2.40317431267694
17.5939739871375,-3.21541912522329
-46.8515890437635,-22.9837543160189
-34.4493297137773,8.33621512918936
44.0896117029426,17.2465654890056
57.7591761529188,6.73975412904187
49.6676279511281,25.4265353039349
39.6420776140837,13.2706230156647
-52.5698931715776,-35.0892457499451
34.3567808237127,12.2067935894641
20.2360555859038,-36.9564861333436
53.7558296710274,-0.462218158838779
-58.912152374683,-12.080923000228
-25.994316841508,-0.655876640238914
59.4613753072357,-31.4678916606473
-19.0639429701309,-38.6353193651947
-51.8587680106735,-31.0258473507894
-58.612282878304,-28.4905040226079
35.6994600336609,12.8099387434689
30.4361864447316,11.6947156812518
-2.9459921448812,-31.5855885561946
54.6011973202961,9.2059629276846
14.5945296383469,-34.9523204398122
15.6207081418823,11.8626545983991
-25.5094447996917,28.5770809235046
50.1895609519935,28.3692525814245
-32.530482941614,7.77479831595967
-17.1917536087749,-36.1939724664999
33.4022166074342,11.9087882925305
-44.7024436437001,-39.0132988808714
-20.6668074626994,-38.145157985136
-51.3539439618556,-30.0922536304304
-56.0965921494022,-24.4141334228598
-4.1670840557755,-35.7468393907587
17.0738046245486,10.22357817624
9.36016897138767,8.31053389564786
59.6746885452665,-34.4556601265467
-21.0925268716456,21.9243222312257
53.7274924399391,9.69241927931388
-39.5124818340392,18.2397269940599
59.8634713578944,-29.6108282294872
11.8308072981473,18.7382029070777
15.602912441236,-7.79119089505398
-29.7401000409133,19.9743468168857
25.1854987910331,-39.4510639237325
41.6403460867996,13.2471725642469
8.54182360770175,12.0337851540245
-58.2803538773749,7.34530154727169
5.56532812825754,11.7497969860204
-25.7611695808153,6.28856884946199
-7.91122371554574,-31.7023407471863
-54.3716092260583,34.8581499187861
-59.2211865432046,28.9878636899056
-50.3613919840973,13.2861003475771
18.9598526086309,10.8885607863355
33.7145619156049,13.039215993021
37.9370498661223,13.9766335297137
9.54152579531173,12.0581887621148
50.6706485731606,18.6493330730909
-4.98751223634424,-29.3976733345165
-14.9213854588284,7.78845749822159
-53.6705764188902,-29.821092695995
30.9416045883386,7.64858235486147
-17.4759166528093,23.9930252097796
-27.2799997808483,30.9952642889563
49.809831370468,11.8740366444198
-29.5073815102479,-39.1332817751994
-1.05471512234591,-33.2396211341996
18.5016545348913,12.4495249364188
-22.1497821083185,22.3720720098331
-7.23604605098196,5.18243251317843
-36.6088472510329,18.9337390663245
59.0650226020198,-38.0269287285676
48.4239520541857,22.7229166091814
-49.4546440646483,-32.8181875140828
17.9201322423849,-2.27010394363888
-37.6083776576277,-14.3317274742449
53.4966082678772,0.503599766108196
38.6652445420675,13.0566203301318
16.5060047363403,12.4341147422828
-13.095438318207,26.3805907057443
43.2697317001324,16.6740300918537
-2.47402193727825,6.68392184645304
-32.5416784573798,-39.4762446505191
14.4392732485163,3.70362262554367
1.9363361166623,-20.8376138849509
45.2808219516913,18.8455476891537
-31.7687485755545,-3.22042490571949
31.1705711188422,-39.6279783240767
-58.698383131538,-26.9780796125676
-58.5895848952356,0.737280257663777
-17.845048321349,7.11773214059373
56.7595775685582,6.76808556289731
-4.38795184121313,6.11981014825122
-58.6370809554333,26.0520294904403
55.01792771289,-38.9781461238499
-14.5754235040583,-33.6012266279599
-58.0291711030127,-29.3028959585087
-53.6975269300806,-39.1000545977719
53.6744736725761,29.1841768980223
-20.1126555025769,15.1339447184214
57.5253481233261,36.1785802756685
32.1616655019268,-39.7611395940395
45.6301150993051,13.3667788482254
-59.1754096011535,-27.6641334677036
-0.562534029893889,7.27208593399818
-3.06067451264682,9.30059880707525
-45.1948441452703,-38.0976452528931
-21.6242287292525,-38.4338524921011
-42.2263815343342,9.94535567337521
28.9843175751294,7.24590747214216
59.4712855825375,-32.4678425526632
-52.1067772244727,16.2298833654979
-9.89187403608659,-31.9104555632183
-24.7629437648761,6.22902709610777
-5.66106616146538,-37.070972633263
-0.951974664404465,-31.7079285924911
-28.5491891245512,-39.2438313626394
-47.6594145981039,-26.890036371077
45.8338289371636,7.83083265242856
37.6933029075109,12.8213981819068
-47.2333894430308,-34.8324472486501
-58.1615016898145,-19.8768397120081
14.7343863863955,14.7286479265254
-19.745152443677,-37.7571476426053
13.2467264101531,-14.3685353228747
8.99319378088467,-19.9116739150435
-58.2233296096317,-3.23548209385787
-11.826829021775,-32.4113206024597
58.793694688548,-21.716031415244
56.197781573359,8.0066999255273
24.7834612406358,12.2288875791034
-23.2882311135922,25.252029690524
-31.44369360914,-39.5573248899613
-43.9280605025691,-11.5069455180309
46.8306290067162,7.75089754537427
-22.2593486507723,-0.150191117872147
52.0643962729166,32.9991821316037
-36.392746382625,-38.9240929408448
-8.44241083567921,-31.3828747432258
-25.9984784334012,-37.9066543122556
-19.9425303510191,17.1266418049322
-46.8253345952082,15.1515580971892
-19.7883000644666,6.65452910673411
56.0406030738937,33.5783708169098
7.83254528356472,-33.2315085023019
-30.5437075962436,-39.3862522471238
-47.3464968126485,-24.9212631323292
-23.0061454550153,-38.0978312545633
-40.610288240057,-7.81530048655787
-11.8269788327585,3.21966015510508
22.4910434889663,12.2998076871608
-20.3785739438392,13.152051407885
6.54374186929169,11.9564526207259
-1.51327053653454,27.0367956050631
3.64520835976675,11.1902595562806
-24.9082734243279,21.1935967354862
-22.7640441683485,6.27604530970146
-28.9981386181253,-37.8890125338207
29.1845117085854,-39.3955098186519
9.62958967533912,-19.1403113119044
26.7735907269066,12.4264286489314
21.1439934026007,-37.3755910378863
14.3307458750161,-11.5776297427958
0.0480242733694143,-31.7093861421859
34.7120164686317,12.967910911532
-30.1901804035691,-6.24784494544164
-42.2778857927507,-38.7799920242892
-32.6893045963599,-9.35930649603938
11.3511134512197,8.46358025201702
3.29023435541947,-25.6403993224596
-57.6440326721283,-38.4748192558485
-49.6827558578406,36.4372779282468
-56.9136891576505,-35.8330994739857
-33.4203789849558,-10.0416042597314
57.780924766007,39.2560530848776
-58.5586895189212,-18.959102370276
-48.7248646930669,-27.0960464659456
-33.2659808268383,36.1434533328532
13.995440170329,-12.5197391230719
-30.6693975662855,7.04320263583462
51.7276899215333,23.5308879961509
32.9227010745244,7.89014322334756
-21.4513560637348,9.29962659715819
-21.9389136516394,7.36853882793826
-50.0147657514373,14.0870615119967
35.2320857700603,12.690364939835
59.7933646270311,-12.8310241029607
59.8787991745191,-37.445750881389
5.02135223179456,-32.1979756588688
-39.747857188575,-7.30912593026376
43.1150274676276,-39.005819163524
46.0750278139028,-38.5274632769546
-49.9200349315326,-28.6980494336898
18.5148142067403,0.666802302078172
-11.2093514258141,27.0396283436784
-38.8546928096161,-6.85939557531876
-11.9278000150425,-33.3410601644493
52.8111704174416,7.29570176953668
9.01199761818907,21.5483614849786
-49.8156380998365,-34.5728135834449
54.1231578830915,36.427757423186
-11.9342366799163,7.89981044368594
-44.1838343163584,10.3539136143202
54.0851127064046,-1.4064494242673
-50.8320527961461,-36.0707364103762
-45.828850748998,-36.2556188805104
-52.7320903814957,-31.5386170003612
-6.4204500487839,27.8522841810106
10.2958077160435,-18.3945542990376
-26.99199879922,-1.74879167225863
-45.0371367929447,16.0472971483804
57.8302925115915,6.85133831942823
-29.5450183738954,-39.3350679021971
-31.7359264859053,20.0042571979357
12.5275040384364,12.2894626350355
-58.4927050337338,-37.0601992173154
2.29278562789581,-21.771928471127
-52.5583547363509,35.698165426805
4.79594276519591,1.16889411875818
-43.2090100646408,10.1309390008253
-4.42354676460413,27.7573250345807
-53.3648440279676,-34.4825719200126
23.1760486200328,5.7666364035432
-24.512333694758,1.95240342753385
50.0178904726407,10.8959203885467
-26.0282951793878,-1.48181726688933
6.63264927151449,23.3751120159299
2.43212785130867,7.4105641130432
-47.8713842116963,-27.8673126282907
50.3665610673293,9.9586750543895
-21.2987373104952,0.12770428139007
-57.0435072470358,-22.6558615662248
-59.0745889801492,-16.0221179382699
-38.5170728472362,18.3354398405945
-12.9342313567186,7.89654756656948
-12.137327648872,26.6669889342768
2.97770353083908,-27.5985810687388
-20.1092221373954,19.1044581129905
-17.9987643249266,-36.7845092596096
-30.7389545107872,19.9264955053795
-27.9981411495839,-37.8912626251313
-48.6969275018924,36.6050350521146
45.0816532829253,-38.642385168712
59.6766127189423,6.17418065321854
55.5514171938935,32.7061912626847
-58.2264441187945,-9.1619851309718
57.8209869438731,-39.3399884664894
48.828554036515,7.66102084325806
29.4364780234966,11.7188625757068
8.22315702271324,22.1629593331113
35.9036895406406,8.19697556153639
11.147975139213,19.4687781891159
55.4965197917947,-4.04185777093421
-24.1074499915665,2.8667716175372
-14.0273088451782,26.0177996901964
-21.0182432487002,-38.2946721213012
-51.8106135109767,-32.1600103045634
53.2253859698655,1.46611650105945
31.9242842832949,7.83389457011087
-10.8682848858013,-32.1263765037482
-12.7707715865647,-32.7414303332739
37.1463053657435,-39.486045587158
-20.7818832739943,6.54142558890749
-34.1805500331327,36.5478827666214
-3.93423647892685,-31.4327058029925
51.3119537790479,21.5749541790288
-8.40836069675288,28.0386843930091
-46.2651505288983,-23.9616208443237
3.1078566203511,-24.6571707825203
-39.8874249461151,38.1455758810069
19.9159164835728,11.1817192196628
59.6957260171951,-35.4554388144446
-20.0202752595767,16.1296685208401
-33.6429624606841,-3.91847430068649
58.840002888756,37.6829568726151
-51.2647889382348,12.8572950966122
-45.5106477166875,-38.4243963622772
-57.7125791020419,-36.4345767027735
50.8204926730928,7.48638789639756
23.4803498509002,12.1539552883561
-50.7708838548803,14.7414966987385
-17.5291848092823,1.38310889600265
-31.9954778878379,-37.9772619863782
0.970570192083941,-25.7435739561912
-44.8206148062252,37.563327807453
-45.6659323719138,-19.1679778377057
34.1615495221582,-39.7821709936896
-46.2627908262012,-37.765396557413
-34.5547760517743,-4.3290787028832
-51.4352222090614,15.4889286696655
49.6985032352933,15.8140356607616
-40.5142507413509,-38.8541368342967
59.622281728971,-11.845767465332
27.0784106301034,6.64370947417436
12.105644870162,-16.0041139143657
-49.1656607843585,-32.6860477399824
-27.7499299256968,6.3630387770163
-45.7734071172014,37.25970499516
4.03202657979066,-32.0522541632442
-9.97620805198001,8.30683104717775
-16.6186286741182,24.5078623894702
-42.4275558952719,-38.2786375748304
51.6636288642796,32.0830022998161
56.8537274327391,-6.70317837868449
-12.7708540029644,2.88935777384083
11.6513787739525,-34.3726089071434
36.9034176656068,8.17365869743461
28.1847529403003,-39.4174735441349
-11.1010070216079,-39.2245874841543
-40.9137732541724,-38.8431159822958
-20.2271636207078,14.140522405967
-56.6665409870348,-30.7662489284528
-29.9981237055926,-37.8835513212258
51.1401758370333,7.06728265814254
0.107003144428437,-26.2478079834083
-33.4279728432683,-39.3102875586341
51.8172140985896,7.40547807032217
-57.4861168426491,-21.7591471491048
43.8858227195212,8.28282794490164
13.5223352848132,12.3910047013553
-53.1450759905991,-30.6718860315742
0.0,0.0
-59.6828375334346,-26.802439268152
-6.78716089195483,-30.2693183156811
-19.9033710486254,18.1258747852906
-56.6179343248584,-23.5607857000114
-23.7640441613259,6.27592679789046
-2.44194031148285,-27.8148701821596
18.3325788740802,-0.316452641225074
-54.5440881148415,-26.9707146512737
-0.543020379161437,26.7946910158512
-56.1088941522052,20.6409131693887
27.7308766641646,12.7155715795522
16.2921676369707,9.98127726748779
-48.9949870628954,-36.8535676673664
-24.5606827011307,-39.041868674321
49.9027772367879,27.4112572261681
-38.5276829444114,-39.0855345045015
-57.7943444716833,-27.4055303132198
-44.2410176712121,-38.3980034680058
-54.8395019688382,-33.1321136207866
-19.2491021493847,23.06849333633
59.248115973353,-25.6739248071663
42.4308490928025,16.1297177080893
-58.2810143938497,-1.23631417447921
1.43357331939665,7.35681611961117
58.2174558749049,36.9003744708547
-30.997793474071,-37.9092486749843
-14.8738155132107,25.4854215717725
-7.98263549146188,8.43256221645674
-54.1282703861089,-32.9706234284627
-37.5335163156339,-39.1933895656957
-20.634077215566,12.1852432169097
-58.3031549170377,25.1094302113819
17.3649545491009,8.29482748700665
2.57395379520502,-28.513450540836
26.437241625914,11.6656033760261
52.5590617342305,33.8682656036495
3.45969338128883,-24.0934594335647
-26.8324418684997,20.6701566227284
-48.1254701617842,-26.2955927222049
59.5245541645455,-26.6349565061493
-27.9571151234443,-2.01061313951422
-47.1152981249762,-23.9483565762723
2.59813097139596,-22.7241701532659
-44.88717662156,-22.5120759320705
-43.3447842507431,-37.880275749451
10.671857265039,-34.1712693591761
-57.9846231378039,-8.19166424943171
-46.9403890890822,-24.6992202524314
42.6384508456105,13.308710279829
13.6140244313229,-34.7558273381553
33.9216801588618,7.93531831666615
30.7181068323952,12.9787996981655
-56.2854510869916,-35.0550783132356
-54.9764978197399,-26.0690374101781
-46.1317691371103,-37.7481147682918
-22.7983308756725,5.56527771449191
58.8691365979433,-23.7106365221563
59.3068493881767,-15.7488671147845
-46.9306597300039,-37.0211176262767
57.9211338095243,-8.39440941504874
-39.3488380736639,-39.3888857771845
21.2018156896217,5.45200468668763
-37.9754559582772,-38.2695782528142
-30.4470599686247,-39.4753408269179
42.1221988196564,-39.1253652875419
18.939396618538,3.63583959468988
-34.3990341464409,-39.0714571889555
-55.3810446764757,-32.2914403811717
44.747687572486,17.9995171142278
-32.4333558184834,-39.4139069294483
-40.9102068179758,-18.0502684629994
-28.5199293911506,-38.9753630857091
49.4422534706732,12.2463239103766
-2.65465737647993,-34.4389988114966
-46.5015308026852,-22.047026379074
-16.54749604273,1.57360080035816
-47.698165666928,14.6635356384432
-8.17242494177293,-38.7000900062591
-17.3971569821644,-34.599480734492
18.4056366199529,-36.1507875690322
-23.5739957365781,-38.8792376994671
-8.17284859015344,4.83257396661729
15.2711874321668,-8.73456702277722
51.1102438412247,11.1492460185836
-15.4201206582802,-35.2897082619481
-10.9530442994042,8.09284285657314
-17.0865260214566,-38.9311245175473
-58.8953310703232,27.0181075815693
-22.3242799678427,6.44577515161808
-55.9680082984472,-31.4818270744121
11.5176259591453,-16.8129610941757
-34.6817013323336,19.4674041784748
23.7877129971724,12.1367711547282
1.85104874591281,-25.2694879763865
40.1368531019551,-39.2771404670493
-12.0993562762102,-39.1671526007199
15.1837754845925,9.57423031226766
51.5009663833026,22.5569288403276
-2.48311766302061,27.2805096818964
21.495455555536,12.3936408732309
19.2517562226763,5.00844374788913
14.2596211723897,9.1922109315591
-56.5921151523723,32.8461656669286
-21.152687211095,10.2539834048894
-25.5102439756872,0.219151051080683
49.6496755359087,12.8611283871958
7.3629326088256,8.2156584077408
-54.2797624965084,-29.2870572144112
-29.5913984987342,-5.44693282139663
46.6254475217641,13.2702730514988
-44.2746688660522,-37.5124244177807
-52.8532027864214,16.8953522832314
47.8299230965942,7.71332998044202
-57.5680877139356,23.2530096397964
-22.6379308823553,24.4923523845228
-57.3602819495902,32.2059158940649
20.4957765860257,12.4189777617306
-49.3483604289875,-33.862736396388
12.6294301908689,-34.5809725936819
-45.5771532326785,-23.2359075948965
53.2554560329572,28.2761988048459
-55.5026985954384,-25.2186770491227
-2.13116797641567,9.66940444573004
0.417884961526606,26.5178139199454
-21.1553973402952,-35.8967837667388
-38.9608361504708,-38.4399480765285
6.67053019040019,1.85612851355498
-1.15190176365378,9.8719820470165
9.57540217418222,2.5658006745136
51.5795911951061,6.16899865901434
-58.1302199255752,-4.23113795143864
25.7775861230961,12.3371267498005
-59.1795663088417,3.65841213053773
-22.0073926095626,-38.1477587389783
38.9008731733271,8.19217166284256
-37.9056028527921,37.9122921760121
-29.7042877142028,6.78135731238396
23.6936378001538,-38.9519368150564
15.9475363774527,-6.8524500668237
-48.0336448894606,-28.8540605558038
-27.7754398684637,20.3373582272035
-54.2954812605428,18.2802868910353
16.0024845646554,10.9383998916139
-42.1475104543054,-9.09343920532852
38.892336822504,14.2723138147633
55.3572335023255,38.0009084279149
-50.2727891515804,-32.2431756735708
-6.01748303164053,8.80079147382576
-26.6738794454561,-38.2066340787321
-31.6092505501412,35.0312785151262
-53.7639836806103,11.2237086065839
4.97008150180163,24.4863258718511
58.7512743053733,39.0143471241491
59.7500158168502,-28.6172851553297
-5.03800517298458,9.00234326469538
-27.559127895993,-39.1031943699746
-5.32536905049234,5.77160191206607
-37.9774197526508,-6.37940392588847
17.3227465470797,4.5212982540849
12.3307314690494,8.66444970998274
-9.39617776659165,27.8830648680929
-21.771322984929,6.39648057027813
-21.6068188798486,8.31178485233974
-30.8184100430692,-2.90920685728112
54.7627544531189,6.85875392504409
-20.7240761277116,20.9946749597864
28.0208447533247,6.97810134517035
50.0399557288837,16.7539346950312
48.5223968835124,12.6385787498075
-55.2559127856319,9.8920542007316
-33.7149716723697,19.723204421919
-10.3094868996316,27.4757978457282
-58.4997357403829,-10.1239163600987
-31.6060865974068,7.39336496815652
-27.2582283960122,-2.20587881443486
-35.4591139647534,-4.75589592271927
-34.8637837199477,-11.4230159622839
18.1824223607993,-1.305114879565
-10.8957918650077,3.58420210206186
54.4513049630633,-2.33698863954155
17.5043351599595,12.3763534639339
-42.3603242631545,17.398859128737
5.91755515462902,-22.3803607488778
36.09842638797,13.1898185750804
-39.5208585177821,-38.9689056896237
-36.2071526149451,-12.9046617869705
24.2436478410725,-39.7870948569195
33.1615830837027,-39.7739781942585
39.1370003524479,-39.2943008663111
-24.9238976428094,27.7664425780836
-18.3237684805063,-34.975500855151
-47.7430892692234,12.1340571244451
50.5761920014852,29.2914870589675
-29.083382775727,-4.58558502568486
-41.8863684027492,38.1592080718333
-26.0489730145741,29.4190484438674
6.80192852891725,-21.9135805705818
-52.1510822104397,12.3941706687913
31.4296654256206,11.5807002676808
5.71314333115978,1.5673199233888
-34.5391755881194,-39.3769660113984
0.99916882307532,0.040763500760859
-35.9951563356719,37.3873994236948
-13.9332081645305,7.94177297374211
40.641680249283,13.298811163931
-4.11095145498278,-28.9163821580142
-42.8127929415985,-39.4452944748076
-22.9892962646458,-36.6846716433262
-58.2520173107171,-2.23589367065238
59.7067303465743,-27.6182224105218
49.8227314987156,7.55326568722209
-16.3534131156492,-35.6488254977056
-25.7989356579473,-37.7224095763578
-57.9893929928349,24.1599285236949
-41.3044836584795,-39.0090952433766
-38.3513226163461,-15.0010799884816
-35.5320398302834,-12.1669472568259
7.65578410668689,-21.3930705780632
-25.0098341181182,1.0849396941384
-36.9051948171527,-13.6207184075928
52.4818972921747,26.4321855923576
52.7508726807594,3.40874586549194
51.9294295520305,24.5103271833835
7.60960454493863,2.19984257589199
10.9366506445529,-17.6268822720759
59.7515591140587,-36.4538789304729
-49.2936771202605,-27.9185137435136
57.3791750923494,-7.55400430507019
-13.6866678915597,-33.142845278806
56.8751440945809,-39.664613333748
16.3457654679024,4.30797228067887
-45.4290034921213,-17.188602117588
14.2831207954149,15.6210376207717
-32.9946754961326,-38.0173136976795
-58.9070484990621,1.6855507149941
-35.6501042288456,19.2180132603823
0.810721333936058,10.2170249482927
59.240674032282,-9.89426649317324
2.8823559027748,-23.6829277808145
30.1752703828932,-39.5311462786607
-13.0992669597567,-39.1805176644906
6.38001256550211,8.03162528997946
52.1887442702193,25.4761200581402
8.74131940931981,-33.6487968778386
-16.4497967476484,-34.2793111137315
-1.95187642501362,-31.6939118478366
-10.101153461846,-39.2074743596186
-37.566954670096,18.6473299646251
-28.4478762533093,-3.81348952643327
-54.5196214623089,10.5687188792831
-24.1313330468026,-0.852174722421646
51.9465659573127,10.6010076414683
52.8250743359192,10.1232807019744
10.5345007151232,12.1765137747935
50.0585323807719,-38.379000184922
-55.8505820076739,33.5170819026195
-0.291691891723906,-32.5932500724006
16.2603612479383,-5.90263924334058
-8.8919553866413,-31.8977003881312
16.7986840409948,9.1190469430069
-39.7748879769577,-16.4037884038042
51.3652161213908,31.12856537949
-22.0973491090708,-36.2325319838606
-7.40898858923378,28.0032528997746
5.06619902880599,-22.9049489178481
10.5436381254686,20.2655069847662
54.9607932531447,-3.19746622917996
-29.9016285417415,33.9902951955824
-40.5088162257226,18.1541829706044
32.7147021945883,13.0559652702716
56.5305587778033,34.4501181473941
49.7481000032091,26.423292169391
-16.8683820348507,7.33249471838046
40.687958539656,15.1492270304857
-18.8055447259351,6.83943974620056
-16.0953899430485,-39.0639750880305
22.8731066829094,-38.3803349556878
40.8957174638022,8.33415632835632
-19.2133075775984,-35.4323599086288
-49.4641398386633,13.7276188494703
50.6131647221401,8.98955863339873
17.8725675563142,7.4332422997455
-35.5376523368306,-39.3217919025874
-46.7307299621604,36.9706842856605
59.4086140830028,-13.7540446980017
-58.1362426724325,31.5751346668506
-39.0899942391645,-15.6751454405282
50.7972681067091,8.00665174880068
-47.9846746655687,-35.3238984686882
-49.2880222946707,13.4001525310924
-11.0412892118679,-32.8783522697092
49.4286446740478,13.8363952009986
-36.5353817657147,-39.2544421680773
-43.4493727776711,-21.1333287404184
59.0373752140829,-24.6963828221947
-13.6660997631348,-34.3288154053605
-39.2413319846812,9.64834558720836
3.26258013486022,-26.6400168713679
54.7588698315917,37.1996837917822
-44.1065856395932,-21.8870337583956
-58.7029467933108,-11.103051319115
17.476528260441,-35.7809799754312
